{
  "Use Non-ASCII Font" : false,
  "Tags" : [

  ],
  "Ansi 12 Color" : {
    "Green Component" : 0.64410710334777832,
    "Red Component" : 0.32856267690658569,
    "Blue Component" : 0.95445334911346436
  },
  "Ansi 6 Color" : {
    "Green Component" : 0.44183778762817383,
    "Red Component" : 0.056145597249269485,
    "Blue Component" : 0.48725795745849609
  },
  "Normal Font" : "SourceCodePro-Regular 14",
  "Bold Color" : {
    "Green Component" : 0.078879080712795258,
    "Red Component" : 0.718147873878479,
    "Blue Component" : 0.12038997560739517
  },
  "Link Color" : {
    "Red Component" : 0,
    "Color Space" : "sRGB",
    "Blue Component" : 0.73423302173614502,
    "Alpha Component" : 1,
    "Green Component" : 0.35916060209274292
  },
  "Ansi 0 Color" : {
    "Green Component" : 0.12941177189350128,
    "Red Component" : 0.12941177189350128,
    "Blue Component" : 0.12941177189350128
  },
  "Guid" : "2728C919-01EE-4974-A869-6382AECAB2E6",
  "Rows" : 40,
  "Default Bookmark" : "No",
  "Cursor Guide Color" : {
    "Red Component" : 0.70213186740875244,
    "Color Space" : "sRGB",
    "Blue Component" : 1,
    "Alpha Component" : 0.25,
    "Green Component" : 0.9268307089805603
  },
  "Non-ASCII Anti Aliased" : true,
  "Use Bright Bold" : true,
  "Ansi 10 Color" : {
    "Green Component" : 0.73019099235534668,
    "Red Component" : 0.47961589694023132,
    "Blue Component" : 0.22740326821804047
  },
  "Ambiguous Double Width" : false,
  "Jobs to Ignore" : [
    "rlogin",
    "ssh",
    "slogin",
    "telnet"
  ],
  "Ansi 15 Color" : {
    "Green Component" : 0.84936714172363281,
    "Red Component" : 0.8493925929069519,
    "Blue Component" : 0.84938156604766846
  },
  "Foreground Color" : {
    "Green Component" : 0.13542565703392029,
    "Red Component" : 0.13533444702625275,
    "Blue Component" : 0.13233847916126251
  },
  "Working Directory" : "\/Users\/dericp",
  "Blinking Cursor" : true,
  "Disable Window Resizing" : true,
  "Sync Title" : false,
  "Prompt Before Closing 2" : false,
  "BM Growl" : true,
  "Command" : "",
  "Description" : "Default",
  "Space" : 0,
  "Mouse Reporting" : true,
  "Screen" : -1,
  "Selection Color" : {
    "Green Component" : 0.76019245386123657,
    "Red Component" : 0.76021528244018555,
    "Blue Component" : 0.76020538806915283
  },
  "Columns" : 160,
  "Idle Code" : 0,
  "Ansi 13 Color" : {
    "Green Component" : 0.30266252160072327,
    "Red Component" : 0.66606861352920532,
    "Blue Component" : 0.73656630516052246
  },
  "Custom Command" : "No",
  "ASCII Anti Aliased" : true,
  "Non Ascii Font" : "Monaco 12",
  "Vertical Spacing" : 1,
  "Use Bold Font" : true,
  "Option Key Sends" : 0,
  "Selected Text Color" : {
    "Green Component" : 0.30725079774856567,
    "Red Component" : 0.30725997686386108,
    "Blue Component" : 0.30725601315498352
  },
  "Background Color" : {
    "Green Component" : 0.91764706373214722,
    "Red Component" : 0.91764706373214722,
    "Blue Component" : 0.91764706373214722
  },
  "Character Encoding" : 4,
  "Ansi 11 Color" : {
    "Green Component" : 0.91622048616409302,
    "Red Component" : 0.99857872724533081,
    "Blue Component" : 0.18199658393859863
  },
  "Use Italic Font" : true,
  "Unlimited Scrollback" : false,
  "Keyboard Map" : {
    "0xf700-0x260000" : {
      "Text" : "[1;6A",
      "Action" : 10
    },
    "0x37-0x40000" : {
      "Text" : "0x1f",
      "Action" : 11
    },
    "0x32-0x40000" : {
      "Text" : "0x00",
      "Action" : 11
    },
    "0xf709-0x20000" : {
      "Text" : "[17;2~",
      "Action" : 10
    },
    "0xf70c-0x20000" : {
      "Text" : "[20;2~",
      "Action" : 10
    },
    "0xf729-0x20000" : {
      "Text" : "[1;2H",
      "Action" : 10
    },
    "0xf72b-0x40000" : {
      "Text" : "[1;5F",
      "Action" : 10
    },
    "0xf705-0x20000" : {
      "Text" : "[1;2Q",
      "Action" : 10
    },
    "0xf703-0x260000" : {
      "Text" : "[1;6C",
      "Action" : 10
    },
    "0xf700-0x220000" : {
      "Text" : "[1;2A",
      "Action" : 10
    },
    "0xf701-0x280000" : {
      "Text" : "0x1b 0x1b 0x5b 0x42",
      "Action" : 11
    },
    "0x38-0x40000" : {
      "Text" : "0x7f",
      "Action" : 11
    },
    "0x33-0x40000" : {
      "Text" : "0x1b",
      "Action" : 11
    },
    "0xf703-0x220000" : {
      "Text" : "[1;2C",
      "Action" : 10
    },
    "0xf701-0x240000" : {
      "Text" : "[1;5B",
      "Action" : 10
    },
    "0xf70d-0x20000" : {
      "Text" : "[21;2~",
      "Action" : 10
    },
    "0xf702-0x260000" : {
      "Text" : "[1;6D",
      "Action" : 10
    },
    "0xf729-0x40000" : {
      "Text" : "[1;5H",
      "Action" : 10
    },
    "0xf706-0x20000" : {
      "Text" : "[1;2R",
      "Action" : 10
    },
    "0x34-0x40000" : {
      "Text" : "0x1c",
      "Action" : 11
    },
    "0xf700-0x280000" : {
      "Text" : "0x1b 0x1b 0x5b 0x41",
      "Action" : 11
    },
    "0x2d-0x40000" : {
      "Text" : "0x1f",
      "Action" : 11
    },
    "0xf70e-0x20000" : {
      "Text" : "[23;2~",
      "Action" : 10
    },
    "0xf702-0x220000" : {
      "Text" : "[1;2D",
      "Action" : 10
    },
    "0xf703-0x280000" : {
      "Text" : "0x1b 0x1b 0x5b 0x43",
      "Action" : 11
    },
    "0xf700-0x240000" : {
      "Text" : "[1;5A",
      "Action" : 10
    },
    "0xf707-0x20000" : {
      "Text" : "[1;2S",
      "Action" : 10
    },
    "0xf70a-0x20000" : {
      "Text" : "[18;2~",
      "Action" : 10
    },
    "0x35-0x40000" : {
      "Text" : "0x1d",
      "Action" : 11
    },
    "0xf70f-0x20000" : {
      "Text" : "[24;2~",
      "Action" : 10
    },
    "0xf703-0x240000" : {
      "Text" : "[1;5C",
      "Action" : 10
    },
    "0xf701-0x260000" : {
      "Text" : "[1;6B",
      "Action" : 10
    },
    "0xf702-0x280000" : {
      "Text" : "0x1b 0x1b 0x5b 0x44",
      "Action" : 11
    },
    "0xf72b-0x20000" : {
      "Text" : "[1;2F",
      "Action" : 10
    },
    "0x36-0x40000" : {
      "Text" : "0x1e",
      "Action" : 11
    },
    "0xf708-0x20000" : {
      "Text" : "[15;2~",
      "Action" : 10
    },
    "0xf701-0x220000" : {
      "Text" : "[1;2B",
      "Action" : 10
    },
    "0xf70b-0x20000" : {
      "Text" : "[19;2~",
      "Action" : 10
    },
    "0xf702-0x240000" : {
      "Text" : "[1;5D",
      "Action" : 10
    },
    "0xf704-0x20000" : {
      "Text" : "[1;2P",
      "Action" : 10
    }
  },
  "Window Type" : 0,
  "Background Image Location" : "",
  "Blur" : false,
  "Badge Color" : {
    "Red Component" : 1,
    "Color Space" : "sRGB",
    "Blue Component" : 0,
    "Alpha Component" : 0.5,
    "Green Component" : 0.1491314172744751
  },
  "Scrollback Lines" : 1000,
  "Send Code When Idle" : false,
  "Close Sessions On End" : true,
  "Terminal Type" : "xterm-256color",
  "Visual Bell" : true,
  "Flashing Bell" : false,
  "Silence Bell" : false,
  "Ansi 14 Color" : {
    "Green Component" : 0.73243516683578491,
    "Red Component" : 0.14981316030025482,
    "Blue Component" : 0.82006889581680298
  },
  "Name" : "dericp",
  "Cursor Text Color" : {
    "Green Component" : 0.17907498776912689,
    "Red Component" : 0.17897795140743256,
    "Blue Component" : 0.17576293647289276
  },
  "Shortcut" : "",
  "Cursor Color" : {
    "Green Component" : 0.6861264705657959,
    "Red Component" : 0.086931481957435636,
    "Blue Component" : 0.79186719655990601
  },
  "Transparency" : 0,
  "Ansi 1 Color" : {
    "Green Component" : 0.078879080712795258,
    "Red Component" : 0.718147873878479,
    "Blue Component" : 0.12038997560739517
  },
  "Ansi 2 Color" : {
    "Green Component" : 0.4825465977191925,
    "Red Component" : 0.27130207419395447,
    "Blue Component" : 0.13958784937858582
  },
  "Ansi 3 Color" : {
    "Green Component" : 0.59536725282669067,
    "Red Component" : 0.96285504102706909,
    "Blue Component" : 0.11582206189632416
  },
  "Custom Directory" : "No",
  "Right Option Key Sends" : 0,
  "Horizontal Spacing" : 1,